"","Country_name","Income_group","Cereal yield (kg per hectare)","CO2 emissions per capita (metric tons)","CO2 emissions per units of GDP (kg/$1,000 of 2005 PPP $)","CO2 emissions, total (KtCO2)","Energy use per capita (kilograms of oil equivalent)","Energy use per units of GDP (kg oil eq./$1,000 of 2005 PPP $)","Foreign direct investment, net inflows (% of GDP)","GDP ($)","GNI per capita (Atlas $)","Nationally terrestrial protected areas (% of total land area)","Population","Population growth (annual %)","Population in urban agglomerations >1million (%)","Primary completion rate, total (% of relevant age group)","Ratio of girls to boys in primary & secondary school (%)","Under-five mortality rate (per 1,000)","Urban population","Urban population growth (annual %)","color"
"1","Afghanistan","Low income",1358.105,0.0468421052631579,29.34,1092.76578947368,NA,NA,2.2225,6663041472.87625,258,0.43,26237105.4247619,2.96095238095238,8.46142857142857,33.665,47.3525,159.761904761905,5702868.31095238,4.43285714285714,"0"
"2","Albania","Upper middle income",3070.78,1.07052631578947,239.372631578947,3384.64,563.3445,125.101,4.13052631578947,5300820634.55714,1648.09523809524,7.106,3155567.47619048,-0.0761904761904762,NA,97.4525,97.3254545454545,29.0571428571429,1321949.78238095,1.2752380952381,"0"
"3","Algeria","Upper middle income",1095.44,3.10947368421053,497.988421052632,93351.3984210526,927.211,146.038,1.03388888888889,77539266162.9557,2352.38095238095,6.3155,30528741.8095238,1.73,7.42380952380952,87.9172222222222,91.1338461538462,49.8714285714286,18320559.5738095,2.96666666666667,"0"
"4","American Samoa","Upper middle income",NA,NA,NA,NA,NA,NA,NA,NA,NA,0.308,57834.7619047619,1.93333333333333,NA,NA,102.76,NA,51143.3571428571,2.63333333333333,"0"
"5","Angola","Lower middle income",527.105,0.784210526315789,253.678421052632,11526.3463157895,561.1555,188.534,8.7252380952381,24474151531.0695,1180.95238095238,12.4,14304206.3333333,3.05142857142857,19.0766666666667,33.01,82.04,200.528571428571,7127483.62571429,5.39904761904762,"0"
"6","Antigua and Barbuda","Upper middle income",1772.78,4.71578947368421,330.562631578947,354.733684210526,1646.67,104.262,11.9166666666667,717183941.586667,8641.42857142857,6.676,76312.2857142857,1.69095238095238,NA,98.555,105.7625,15.6761904761905,24601.96,0.962380952380952,"0"
"7","Argentina","Upper middle income",3307.215,3.86368421052632,384.025263157895,141237.398947368,1633.083,160.177,2.39857142857143,240843966643.133,6266.66666666667,5.299,36747892,1.08380952380952,39.0214285714286,100.433571428571,102.669230769231,19.7190476190476,33097480.5104762,1.39380952380952,"0"
"8","Armenia","Lower middle income",1872.26666666667,1.16176470588235,455.062941176471,3637.44764705882,860.528,331.184,4.87473684210526,3776549586.96714,1235.26315789474,7.354,3175703.61904762,-0.647142857142857,35.48,96.39,103.458888888889,34.9190476190476,2075112.3447619,-0.918095238095238,"0"
"9","Azerbaijan","Upper middle income",2209.02777777778,4.41529411764706,1519.18647058824,35438.5358823529,1825.127,575.492,12.8425,13807969729.6119,1478.33333333333,6.7875,8055913.93476191,1.16428571428571,22.67,93.055625,98.5436842105263,68.7142857142857,4187661.55285714,1.03238095238095,"0"
"10","Bangladesh","Low income",3174.585,0.224210526315789,227.101052631579,29058.4657894737,149.536,151.3485,0.472380952380952,51437291263.7648,414.761904761905,1.6,128657585.428571,1.76285714285714,11.6152380952381,58.62,99.87,89.7666666666667,30885802.6633333,3.54190476190476,"0"
"11","Belarus","Upper middle income",2497.36111111111,6.10941176470588,990.970588235294,61022.5476470588,2881.7275,448.6485,1.55105263157895,24356418093.9419,2522.10526315789,7.132,9954680.44523809,-0.328571428571429,17.2414285714286,97.5866666666667,101.383636363636,12.8238095238095,6966639.92619048,0.295714285714286,"0"
"12","Belize","Lower middle income",2453.11,1.72315789473684,326.745789473684,420.741052631579,560.872,98.454,5.37238095238095,870520907.52,3080,22.7485,256256.476190476,3.00904761904762,NA,96.1942857142857,99.7964285714286,28.1952380952381,126232.176190476,3.4852380952381,"0"
"13","Benin","Low income",1063.415,0.277368421052632,215.891052631579,1884.45263157895,349.6555,276.7295,2.06571428571429,3314666076.68571,460.952380952381,23.81,6651928.76190476,3.08761904761905,NA,38.365,67.2871428571429,144.571428571429,2576365.07714286,4.12809523809524,"0"
"14","Bhutan","Lower middle income",1747.555,0.643157894736842,232.766315789474,385.807894736842,271.386,80.622,1.6625,599146921.060952,936.190476190476,24.9155,598896.380952381,1.2952380952381,NA,56.603,90.9411111111111,92.0904761904762,159183.07952381,5.35,"0"
"15","Bolivia","Lower middle income",1656.095,1.14473684210526,323.928947368421,9392.92368421053,498.7145,139.2785,4.42619047619048,9314948882.96143,1037.14285714286,15.2985,8303801.38095238,2.01285714285714,29.4404761904762,96.918,97.7566666666667,84.3857142857143,5145712.76619048,2.95238095238095,"0"
"16","Bosnia and Herzegovina","Upper middle income",3657.02222222222,4.69235294117647,998.648,17378.3447058824,1137.6365,221.196875,4.56538461538462,8550414942.43706,2567.33333333333,0.552,3716534.23809524,-0.712857142857143,NA,NA,101.92,11.3238095238095,1616463.78333333,0.35,"0"
"17","Botswana","Upper middle income",424.72,2.21105263157895,242.555263157895,3794.57263157895,1000.8695,109.2155,2.87333333333333,7417843298.41095,3971.42857142857,30.869,1728441.38095238,1.91857142857143,NA,93.3511764705882,103.090625,71.9809523809524,921088.015238095,4.07238095238095,"0"
"18","Brazil","Upper middle income",2774.025,1.76368421052632,221.563157894737,304796.21368421,1080.294,134.4765,2.11333333333333,845035445998.826,4412.85714285714,18.906,173654627.52381,1.34238095238095,37.3995238095238,102.524444444444,102.82125,37.3095238095238,141083991.537619,2.07904761904762,"0"
"19","Bulgaria","Upper middle income",3067.73,6.52052631578947,857.05052631579,53172.8505263158,2543.9745,328.0955,7.62047619047619,21995685978.731,2620.47619047619,5.784,8077322.0952381,-0.776190476190476,14.4628571428571,94.615,98.1545,19.247619047619,5566886.7052381,-0.381428571428571,"0"
"20","Burkina Faso","Low income",918.05,0.0763157894736842,89.7157894736842,961.333157894737,NA,NA,0.858571428571429,4142984864.00857,316.190476190476,13.602,12515280.7619048,2.83666666666667,7.93190476190476,28.6910526315789,77.61,190.752380952381,2144157.19428571,4.80333333333333,"0"
"21","Burundi","Low income",1338.87,0.0405263157894737,105.613684210526,263.636842105263,NA,NA,0.17952380952381,945436208.168095,142.857142857143,4.566,6684092.57142857,2.03571428571429,NA,37.64,84.4718181818182,163.828571428571,574443.582380952,4.85904761904762,"0"
"22","Cambodia","Low income",1985.305,0.178947368421053,169.4075,2264.85421052632,337.852,285.51,5.31666666666667,5479310431.09444,425,18.589,12201101.952381,2.04428571428571,8.90809523809524,58.7076923076923,84.5988888888889,95.5238095238095,2135468.56952381,4.86809523809524,"0"
"23","Cameroon","Lower middle income",1435.54,0.237894736842105,129.053684210526,3699.22947368421,390.4965,208.9085,0.918571428571429,13793004411.7857,832.857142857143,8.2885,15763757,2.40238095238095,16.8285714285714,56.5841666666667,83.975,142.971428571429,7962494.09857143,4.22761904761905,"0"
"24","Cape Verde","Lower middle income",346.395,0.431578947368421,189.432631578947,189.333684210526,181.992,69.29,5.29571428571429,767801945.968095,1660.47619047619,2.47,431524.142857143,1.76238095238095,NA,89.8614285714286,99.8072727272727,46.4761904761905,231225.632857143,3.59428571428571,"0"
"25","Central African Republic","Low income",943.11,0.0663157894736842,91.3489473684211,238.548947368421,NA,NA,1.26142857142857,1316607894.41762,357.142857142857,14.635,3676869,2.03809523809524,NA,30.0545454545455,64.7316666666667,170.328571428571,1388631.23142857,2.33619047619048,"0"
"26","Chad","Low income",677.095,0.0242105263157895,25.1126315789474,215.967368421053,NA,NA,6.92190476190476,3307392781.81571,318.571428571429,9.39,8406114.33333333,3.12285714285714,NA,22.7176470588235,54.8341176470588,189.82380952381,2027957.88904762,4.51523809523809,"0"
"27","Chile","Upper middle income",4869.3,3.47789473684211,344.216842105263,53241.7521052632,1480.90047619048,142.345238095238,5.73809523809524,92507724367.5395,5346.66666666667,16.372,15319972.3333333,1.3252380952381,34.5066666666667,96.2914285714286,99.4342857142857,11.8571428571429,13199084.1195238,1.64809523809524,"0"
"28","China","Upper middle income",4883.115,3.22105263157895,1275.49736842105,4052737.71315789,1033.459,398.046,3.73666666666667,1819219570398.48,1360,15.267,1252128071.97619,0.871,13.5057142857143,101.50875,95.3121428571429,33.447619047619,453340601.508095,3.36,"0"
"29","Colombia","Upper middle income",3283.67,1.56105263157895,229.817368421053,60450.6878947368,706.3975,102.944,2.76666666666667,121150453372.902,2711.90476190476,20.3835,39752579.8571429,1.6747619047619,33.9771428571429,93.7855555555556,104.691875,27.2047619047619,28686217.4419048,2.16571428571429,"0"
"30","Comoros","Low income",1243.465,0.159473684210526,148.038947368421,89.1668421052632,55.326,52.314,0.45952380952381,311744524.757619,527.142857142857,0,571452.285714286,2.58,NA,57.987,83.4083333333333,104.97619047619,160479.515238095,2.71428571428571,"0"
"31","Congo, Dem. Rep.","Low income",783.855,0.0563157894736842,162.663684210526,2641.59105263158,324.9495,1036.5115,4.1895,7620811496.90571,139.52380952381,9.987,50564746.8571429,3.00238095238095,15.327619047619,45.9455555555556,72.5211111111111,179.738095238095,15618136.3428571,4.11952380952381,"0"
"32","Congo, Rep.","Lower middle income",764.465,0.475789473684211,144.927894736842,1428.77894736842,302.784,91.5585,9.88666666666667,4573098771.28095,946.666666666667,7.8825,3154032.80952381,2.63380952380952,31.4957142857143,63.6686666666667,88.2471428571429,104.180952380952,1849498.42571429,3.31047619047619,"0"
"33","Cook Islands","Upper middle income",NA,1.88210526315789,NA,35.318947368421,NA,NA,NA,NA,NA,0.5885,18632.6666666667,0.681428571428571,NA,98.7025,105.198181818182,13.7619047619048,NA,NA,"0"
"34","Costa Rica","Upper middle income",3529.105,1.44473684210526,181.000526315789,5598.93052631579,808.8655,99.8635,3.86761904761905,17007468748.4824,4017.14285714286,20.5685,3890181.71428571,2.10571428571429,26.9119047619048,86.4505555555556,101.696,13.0857142857143,2293364.4947619,3.3352380952381,"0"
"35","Cote d'Ivoire","Lower middle income",1420.54,0.422105263157895,238.2,6703.08263157895,422.3145,241.8385,1.64428571428571,14115766161.2376,787.619047619048,22.59,16343394.8571429,2.32952380952381,18.5509523809524,41.875,69.435,143.695238095238,7288274.50809524,3.47190476190476,"0"
"36","Cuba","Upper middle income",2391.785,2.48473684210526,NA,27364.1194736842,1157.4145,NA,0.0284210526315789,34074348637.1853,3017.89473684211,5.147,11046221.2380952,0.343333333333333,19.5719047619048,96.3427777777778,101.432631578947,8.89047619047619,8285301.02809524,0.522857142857143,"0"
"37","Djibouti","Lower middle income",1684.09,0.621052631578947,309.732105263158,434.635789473684,182.954,89.842,4.59105263157895,612770531.92,889.444444444444,0,723833.285714286,2.41809523809524,NA,30.11,74.8572222222222,106.104761904762,602536.848571429,3.1552380952381,"0"
"38","Dominica","Upper middle income",1602.805,1.31789473684211,187.435263157895,91.8678947368421,539.51,71.602,9.32857142857143,267585711.319524,3583.33333333333,21.52,69794.3333333333,-0.237619047619048,NA,103.165454545455,100.839166666667,15.0904761904762,49626.5928571429,0.247142857142857,"0"
"39","Dominican Republic","Upper middle income",3948.84,2.04210526315789,379.728947368421,17468.6226315789,796.7125,146.3535,3.12095238095238,25059090503.6614,2638.57142857143,22.13,8583744.38095238,1.62904761904762,21.2504761904762,81.168,104.180833333333,41.9190476190476,5403505.89095238,2.81714285714286,"0"
"40","Ecuador","Upper middle income",2293.055,1.90315789473684,320.315263157895,23318.6457894737,690.0805,114.581,1.99571428571429,27872897801.6667,2036.19047619048,24.2835,12381750.7142857,1.74380952380952,28.1728571428571,98.2138461538461,100.364166666667,33.8904761904762,7559283.45619048,2.73761904761905,"0"
"41","Egypt, Arab Rep.","Lower middle income",6826.045,1.88894736842105,468.521052631579,129110.824736842,693.253,170.3005,2.54047619047619,92745892476.4786,1280.47619047619,4.179,68234814.3809524,1.79380952380952,20.2438095238095,89.0472727272727,88.9236363636364,50.8095238095238,29195174.1942857,1.70761904761905,"0"
"42","El Salvador","Lower middle income",2221.745,0.908421052631579,180.316315789474,5340.50263157895,656.531,129.606,1.25619047619048,13319812171.3233,2148.57142857143,0.672,5870778.9047619,0.779047619047619,21.3457142857143,80.588125,97.8414285714286,36.0714285714286,3342809.37,1.87619047619048,"0"
"43","Eritrea","Low income",495.841176470588,0.140666666666667,213.206666666667,548.583333333333,216.33,339.622222222222,3.78466666666667,938240312.073684,220.588235294118,4.8835,3895989.80952381,2.49238095238095,NA,38.6606666666667,76.623125,95.7523809523809,719580.058095238,4.01904761904762,"0"
"44","Ethiopia","Low income",1266.22352941176,0.07,128.822105263158,4595.33,306.5985,544.205,1.93473684210526,13054762490.9629,194.761904761905,17.826,65618061.4285714,2.73095238095238,3.6352380952381,32.4,72.12,142.071428571429,9998195.20428571,4.40714285714286,"0"
"45","Fiji","Lower middle income",2267.16,1.33105263157895,338.216842105263,1066.32473684211,642.116,153.118,4.33,2220260067.81381,2701.90476190476,1.2545,800553.952380952,0.82047619047619,NA,100.266363636364,102.623076923077,22.8809523809524,385532.790952381,2.08142857142857,"0"
"46","Gabon","Upper middle income",1667.015,2.05684210526316,143.862631578947,2344.17842105263,1284.9535,92.4615,-0.344761904761905,6993588301.55952,4794.7619047619,8.641,1227306.14285714,2.45238095238095,NA,68.2816666666667,95.964,85.3142857142857,979466.164285714,3.58571428571429,"0"
"47","Gambia, The","Low income",1092.83,0.207894736842105,183.798947368421,269.620526315789,73.398,63.248,6.30625,461960938.915714,329.52380952381,1.5225,1318916.80952381,2.96238095238095,NA,65.2417647058824,80.63,128.995238095238,656396.444285714,5.07952380952381,"0"
"48","Georgia","Lower middle income",1967.99444444444,1.18941176470588,460.155882352941,5431.90588235294,959.9125,330.145,7.85785714285714,5573461265.28714,1181.57894736842,3.325,4538542.85714286,-0.360952380952381,24.9352380952381,92.3978571428571,97.524375,33.8714285714286,2421079.50666667,-0.534285714285714,"0"
"49","Ghana","Lower middle income",1328.53,0.336842105263158,313.283157894737,6445.2352631579,393.1925,364.0905,2.53857142857143,11449562057.8243,524.285714285714,13.9975,19345237.6666667,2.51238095238095,14.9419047619048,70.6176923076923,91.3541666666667,98.3285714285714,8636612.73428571,4.25714285714286,"0"
"50","Grenada","Upper middle income",1191.39,1.91631578947368,300.305263157895,193.963684210526,700.502,96.46,12.1580952380952,414782754.079048,3775.71428571429,1.6555,101094.80952381,0.363809523809524,NA,98.70375,99.053,15.5095238095238,31550.0823809524,0.172380952380952,"0"
"51","Guatemala","Lower middle income",1802.02,0.791578947368421,204.749473684211,8980.48368421053,585.6705,151.4175,1.29571428571429,21525364917.1643,1748.57142857143,28.5805,11403381.8095238,2.3847619047619,8.12428571428571,65.9481818181818,89.8346153846154,50.6047619047619,5193775.46190476,3.3147619047619,"0"
"52","Guinea","Low income",1469.105,0.157894736842105,180.578947368421,1260.29,NA,NA,2.05333333333333,3457938728.50333,414.761904761905,6.78,8195074.33333333,2.83238095238095,15.0171428571429,36.0189473684211,62.554375,177.038095238095,2591314.54238095,3.99666666666667,"0"
"53","Guinea-Bissau","Low income",1320.69,0.212631578947368,185.098947368421,257.076315789474,66.47,63.208,1.28333333333333,401994989.751905,283.333333333333,12.673,1249631.66666667,1.99428571428571,NA,30.64,65.49,177.785714285714,369326.060952381,2.50333333333333,"0"
"54","Guyana","Lower middle income",3789.8,1.95789473684211,847.107894736842,1439.20157894737,633.842,271.75,9.57857142857143,925061901.690476,1174.7619047619,4.3035,736520.761904762,0.169047619047619,NA,96.1342857142857,99.019,47.5380952380952,211624.833333333,-0.0119047619047619,"0"
"55","Haiti","Low income",946.51,0.166315789473684,152.49,1442.09684210526,242.5535,221.170526315789,0.545,3887494542.8925,525.714285714286,0.27,8606793.47619048,1.71095238095238,20.4052380952381,34.31,94.64,115.12380952381,3287814.14952381,4.52619047619048,"0"
"56","Honduras","Lower middle income",1454.58,0.833684210526316,275.809473684211,5239.56473684211,531.9485,177.136,3.69571428571429,7425835782.33476,1063.33333333333,16.5915,6228616.14285714,2.2352380952381,12.6595238095238,77.7571428571429,106.066666666667,38.7238095238095,2788893.5752381,3.20857142857143,"0"
"57","India","Lower middle income",2273.265,1.12315789473684,637.058947368421,1136325.52157895,450.943,252.7635,1.00619047619048,646184003028.644,598.571428571429,5.263,1013240295.95476,1.62333333333333,11.4285714285714,80.7354545454545,81.8092857142857,86.7571428571429,282036016.061905,2.45809523809524,"0"
"58","Indonesia","Lower middle income",4109.195,1.26736842105263,458.805789473684,269578.346842105,714.582,257.2415,0.844761904761905,259463182921.056,1074.7619047619,12.5845,213070775.142857,1.3352380952381,9.27857142857143,100.267647058824,95.8017647058823,56.1,90637424.5780952,4.15666666666667,"0"
"59","Iran, Islamic Rep.","Upper middle income",2008.78,5.39473684210526,683.311052631579,350113.001052632,1978.1275,243.853,0.687777777777778,153289378007.39,2315.625,6.2085,64841530.5238095,1.4947619047619,24.017619047619,98.7941176470588,92.0476470588235,43.4809523809524,41422195.1628571,2.60142857142857,"0"
"60","Iraq","Lower middle income",916.52,3.30789473684211,1003.96916666667,78990.4605263158,1118.3605,341.520769230769,0.882307692307692,38100220637.5446,1854,0.05,24474781.48,2.87666666666667,25.1138095238095,63.6314285714286,78.75,42.6238095238095,16574083.5666667,2.61761904761905,"0"
"61","Jamaica","Upper middle income",1262.335,3.95,585.475789473684,10121.6915789474,1375.902,203.573,4.73857142857143,8741710504.57809,3129.52380952381,16.192,2567859.29571429,0.614761904761905,NA,87.99,100.334545454545,30.5047619047619,1327763.35904762,1.03190476190476,"0"
"62","Jordan","Upper middle income",1319.685,3.35631578947368,896.057368421053,15748.6068421053,1069.464,280.475,5.88095238095238,11063673092.0433,2133.33333333333,9.251,4773254.13333333,3.24904761904762,21.3119047619048,97.4173333333333,102.054666666667,29.547619047619,3707291.60809524,3.72619047619048,"0"
"63","Kazakhstan","Upper middle income",1013.02777777778,11.2094117647059,1780.81941176471,173398.193529412,3444.686,532.1935,7.25315789473684,47511645239.271,2768.88888888889,2.4905,15560353.7985714,0.02,7.67238095238095,101.277857142857,100.184285714286,44.4333333333333,8824369.35761905,0.207142857142857,"0"
"64","Kenya","Low income",1573.74,0.265789473684211,199.265789473684,8155.79473684211,453.8525,338.643,0.582380952380952,15624618024.591,458.571428571429,11.595,31560756.4285714,2.76666666666667,7.18285714285714,88.77,95.927,103.714285714286,6343987.49619048,3.7752380952381,"0"
"65","Kiribati","Lower middle income",NA,0.324736842105263,152.359473684211,27.02,99.424,44.16,1.12473684210526,82065199.9214286,1392.85714285714,12.548,84773.2380952381,1.61904761904762,NA,110.233333333333,108.550833333333,66.2238095238095,34667.1938095238,2.74952380952381,"0"
"66","Korea, Dem. Rep.","Low income",3609.7,6.91789473684211,NA,151019.218947368,982.6405,NA,NA,NA,NA,3.9525,22663655.952381,0.973809523809524,12.1804761904762,NA,NA,51.0666666666667,13723408.4266667,1.37952380952381,"0"
"67","Kosovo","Lower middle income",NA,NA,NA,NA,NA,NA,7.39857142857143,3916825220.46909,2922,NA,1855380.95238095,-0.030952380952381,NA,NA,NA,NA,NA,NA,"0"
"68","Kyrgyz Republic","Low income",2510.7,1.19176470588235,753.068823529412,5777.89647058824,684.294,395.1085,3.715,2456948961.39476,462.105263157895,6.7985,4890953.54095238,1.00904761904762,NA,95.0230769230769,100.514615384615,52.8952380952381,1770694.33809524,0.84047619047619,"0"
"69","Lao PDR","Lower middle income",2959.65,0.164736842105263,114.659473684211,898.028421052632,NA,NA,3.20047619047619,2551645334.59048,427.619047619048,13.656,5265192.04761905,1.99857142857143,NA,63.1505882352941,80.9677777777778,92.2095238095238,1236169.04238095,5.75666666666667,"0"
"70","Latvia","Upper middle income",2288.66666666667,3.49588235294118,426.555882352941,8466.45529411765,1966.043,223.621,4.12368421052632,12292684499.0548,4990.95238095238,12.9265,2413822.14285714,-0.854761904761905,NA,91.6335714285714,101.220526315789,16.8857142857143,1652313.59666667,-0.920952380952381,"0"
"71","Lebanon","Upper middle income",2327.04,3.97684210526316,456.854736842105,14632.8747368421,1218.3605,136.4545,12.0155555555556,17867058964.4076,4461.90476190476,0.48,3708429.66666667,1.79,41.0780952380952,87.2257142857143,102.510909090909,29.6238095238095,3179661.26666667,2.06190476190476,"0"
"72","Lesotho","Lower middle income",764.725,NA,NA,NA,11.945,9.845,10.5542857142857,1018108622.22667,689.047619047619,0.49,1931802.42857143,1.4252380952381,NA,64.435,111.011578947368,108.133333333333,396487.273809524,4.68809523809524,"0"
"73","Liberia","Low income",1173.04,0.173684210526316,587.754210526316,469.376842105263,NA,NA,19.0642857142857,464693644.980952,143.571428571429,18.14,2791839.04761905,2.92904761904762,29.97,60.57,71.51,168.966666666667,1534961.95285714,4.49047619047619,"0"
"74","Libya","Upper middle income",654.955,9.2178947368421,693.687,47677.1763157895,3082.674,233.206363636364,1.062,38167023377.9765,8103.75,0.11,5283852.71428571,1.91809523809524,19.2438095238095,NA,104.3725,28.4333333333333,4049436.91047619,2.0547619047619,"0"
"75","Lithuania","Upper middle income",2557.96111111111,4.29176470588235,427.617647058824,15135.6511764706,2709.783,254.388,3.21222222222222,18423940181.03,5288.94736842105,4.1785,3518472.61904762,-0.503809523809524,NA,97.645,99.490625,12.2952380952381,2360841.03857143,-0.495714285714286,"0"
"76","Macedonia, FYR","Upper middle income",2852.47777777778,5.63941176470588,794.721176470588,11291.1229411765,1360.857,187.3895,3.92882352941176,5078829333.37238,2444.21052631579,4.7115,1999295.66666667,0.402857142857143,NA,97.3029411764706,98.375,19.7333333333333,1258182.44238095,1.20428571428571,"0"
"77","Madagascar","Low income",2121.78,0.102105263157895,114.168421052632,1539.17526315789,NA,NA,3.04666666666667,4781180858.27,284.761904761905,2.622,15588394.3333333,3.03380952380952,8.86142857142857,43.8742105263158,96.1885714285714,105.261904761905,4272981.18380952,4.31809523809524,"0"
"78","Malawi","Low income",1319.84,0.0747368421052632,118.172105263158,844.567368421053,NA,NA,1.54285714285714,2543726468.15952,208.571428571429,15.02,11529156.952381,2.37428571428571,NA,52.5044444444444,93.1864705882353,163.828571428571,1816363.13571429,5.03619047619048,"0"
"79","Malaysia","Upper middle income",3167.12,5.55157894736842,559.858947368421,130130.057368421,1973.1185,197.126,4.34809523809524,113855786858.989,4433.33333333333,17.7185,23385822.3333333,2.24952380952381,8.42285714285714,93.8415384615385,102.846875,11.1380952380952,14611731.6009524,4.0947619047619,"0"
"80","Maldives","Upper middle income",1895.09,1.75263157894737,541.612142857143,487.132631578947,760.008,199.9775,4.64619047619048,668894493.481429,2696.42857142857,NA,271254.380952381,1.87571428571429,NA,132.903333333333,100.269166666667,51.8809523809524,83310.1476190476,4.03428571428571,"0"
"81","Mali","Low income",1019.135,0.0468421052631579,61.5847368421053,516.467894736842,NA,NA,2.21428571428571,4179162312.32143,326.666666666667,2.376,11572753.3333333,2.81285714285714,9.82857142857143,46.2536363636364,67.8089473684211,214.557142857143,3309373.66333333,4.60904761904762,"0"
"82","Marshall Islands","Lower middle income",NA,1.43684210526316,NA,73.92,574.9025,NA,9.2235,113189390.47619,3010.76923076923,1.694,51485,0.787142857142857,NA,99.87875,102.614444444444,37.4,35238.6785714286,1.30047619047619,"0"
"83","Mauritania","Lower middle income",794.775,0.859473684210526,546.963157894737,2104.08631578947,NA,NA,5.48095238095238,1747091760.84429,619.52380952381,0.54,2677126.95238095,2.74666666666667,NA,41.1206666666667,89.5611764705882,116.338095238095,1078472.21142857,3.06095238095238,"0"
"84","Mauritius","Upper middle income",6102.515,2.15368421052632,246.531578947368,2558.98684210526,805.944,83.298,1.56190476190476,5303162300.99238,4416.19047619048,3.901,1180502.42190476,0.953333333333333,NA,98.675,100.32,18.8666666666667,506153.716666667,0.843809523809524,"0"
"85","Mayotte","Upper middle income",NA,NA,NA,NA,NA,NA,NA,NA,NA,2.0615,148301.619047619,4.03952380952381,NA,NA,NA,NA,NA,NA,"0"
"86","Mexico","Upper middle income",2848.72,3.91421052631579,349.097368421053,384132.533157895,1495.53095238095,132.19619047619,2.54666666666667,612270140274.998,5732.85714285714,6.9335,99393715.3333333,1.50619047619048,34.4280952380952,98.1326315789474,99.245,30.5238095238095,74453929.922381,1.94761904761905,"0"
"87","Micronesia, Fed. Sts.","Lower middle income",1116.24,0.518,174.996,56.476,NA,NA,-1.772,224344658.20381,2325,3.6235,106890.095238095,0.788095238095238,NA,NA,101.875,49.0238095238095,25104.3561904762,0.168095238095238,"0"
"88","Moldova","Lower middle income",2577.98333333333,2.06823529411765,985.032352941176,7569.76529411765,1199.9475,518.9425,4.50210526315789,2780069821.89333,764.736842105263,1.303,3637074.28571429,-0.155238095238095,NA,95.5891666666667,102.758823529412,27.0142857142857,1614212.85904762,-0.70952380952381,"0"
"89","Mongolia","Lower middle income",851.805,3.72263157894737,1599.90894736842,8921.81052631579,1146.3765,486.691,5.8125,2283114622.6019,882.857142857143,10.987,2436136.42857143,1.18380952380952,NA,93.1814285714286,112.485,64.2761904761905,1385302.90666667,1.25952380952381,"0"
"90","Montenegro","Upper middle income",2979.675,3.3625,362.11,2111.275,1439.08,160.25,25.6475,2590577446.69727,4421.11111111111,13.214,630869.047619048,0.237619047619048,NA,NA,100.216666666667,12.6238095238095,356944.86952381,1.3747619047619,"0"
"91","Morocco","Lower middle income",1070.15,1.21684210526316,390.786842105263,34740.3863157895,367.9345,115.889,1.47571428571429,48372795998.0452,1577.14285714286,1.4805,28621915.3809524,1.30238095238095,18.8738095238095,60.944,78.6335294117647,57.1904761904762,15251511.1009524,2.12666666666667,"0"
"92","Mozambique","Low income",720.42,0.0794736842105263,155.241578947368,1464.48421052632,406.9985,795.9395,4.14047619047619,4906813856.7381,242.380952380952,15.224,18321470.2857143,2.66047619047619,6.17238095238095,32.9141176470588,77.8905555555556,176.628571428571,5698865.49952381,5.7147619047619,"0"
"93","Myanmar","Low income",3212.065,0.191578947368421,NA,8549.70789473684,291.111,NA,NA,NA,NA,4.8135,44248580.3809524,1.02666666666667,9.90190476190476,87.488,97.235,87.5380952380952,12708932.777619,2.52380952380952,"0"
"94","Namibia","Upper middle income",369.11,0.881052631578947,182.006315789474,1726.19263157895,607.054210526316,127.527894736842,2.775,5227848125.8635,2637.22222222222,14.442,1869190.04761905,2.4652380952381,NA,85.230625,104.186111111111,65.1047619047619,616660.501904762,4.01571428571429,"0"
"95","Nauru","Upper middle income",NA,13.9757894736842,NA,138.767368421053,NA,NA,NA,NA,NA,NA,9960.04761904762,0.645714285714286,NA,83.9825,108.448,40,NA,NA,"0"
"96","Nepal","Low income",2071.955,0.101578947368421,115.809473684211,2500.50684210526,321.0615,369.4695,0.165882352941176,6752696124.76095,262.857142857143,15.286,24446913.047619,2.26333333333333,NA,61.9716666666667,69.3663636363636,88.4904761904762,3376766.12571429,5.83380952380952,"0"
"97","Nicaragua","Lower middle income",1735.04,0.68,327.626315789474,3401.62526315789,540.6885,260.4585,4.89428571428571,3893867214.52667,690.47619047619,32.47,5020603.42857143,1.7252380952381,20.172,61.69625,103.618181818182,44.4380952380952,2755079.03571429,2.18190476190476,"0"
"98","Niger","Low income",366.815,0.0847368421052632,135.078421052632,882.589473684211,NA,NA,2.37952380952381,2826187282.58667,244.285714285714,6.84,11178996.5714286,3.42619047619048,6.20285714285714,23.8852631578947,64.7735,222.561904761905,1806613.66380952,3.86666666666667,"0"
"99","Nigeria","Lower middle income",1277.115,0.546315789473684,350.99,68115.8757894737,730.8095,470.577,3.69142857142857,76336281803.6224,496.666666666667,12.7525,125353315.095238,2.42952380952381,13.6190476190476,79.232,81.424,183.933333333333,54126382.5685714,4.16190476190476,"0"
"100","Niue","Upper middle income",NA,1.90315789473684,NA,3.67,NA,NA,NA,NA,NA,19.992,1912.57142857143,-2.31142857142857,NA,105.962,111.076666666667,22.552380952381,NA,NA,"0"
"101","Pakistan","Lower middle income",2240.23,0.747894736842105,393.648421052632,106843.062105263,442.047,231.3095,1.32619047619048,87131888551.4695,589.52380952381,10.2885,143286084.333333,2.23238095238095,16.6804761904762,60.568,72.0977777777778,103.414285714286,48277816.1366667,3.17761904761905,"0"
"102","Palau","Upper middle income",NA,8.88210526315789,662.218333333333,161.926315789474,4868.62,NA,5.86210526315789,120830048.905714,6469.44444444444,1.2225,18514.2857142857,1.55761904761905,NA,100.896666666667,99.38,25.1571428571429,13708.9485714286,2.40952380952381,"0"
"103","Panama","Upper middle income",1968.38,1.83789473684211,228.56,5388.75421052632,785.3275,96.4135,6.24142857142857,12931042857.1429,3970.95238095238,18.026,2959282.19047619,1.8852380952381,36.6442857142857,96.4936363636364,100.638333333333,26.1095238095238,1950811.41047619,3.47809523809524,"0"
"104","Papua New Guinea","Lower middle income",3634.57,0.54,273.552631578947,2884.57736842105,NA,NA,2.56666666666667,4912245458.50286,855.714285714286,2.799,5423381.14285714,2.50095238095238,NA,49.83625,81.4942857142857,74.3,721701.297142857,1.6952380952381,"0"
"105","Paraguay","Lower middle income",2158.275,0.703684210526316,174.682105263158,3690.73947368421,743.8825,184.5765,1.55666666666667,8680293783.03095,1559.04761904762,4.4415,5346351.95238095,2.12238095238095,28.3885714285714,85.89,98.7342105263158,36.2714285714286,2979378.69333333,3.30619047619048,"0"
"106","Peru","Upper middle income",3088.09,1.11368421052632,198.588421052632,28490.4673684211,465.222,82.4345,3.30095238095238,68346904504.9552,2401.42857142857,8.4115,25655739,1.4947619047619,28.5095238095238,99.4691666666667,97.7161538461538,44.0714285714286,18121763.1009524,1.70571428571429,"0"
"107","Philippines","Lower middle income",2616.33,0.898947368421053,328.651578947368,68477.7510526316,475.0895,173.229,1.56571428571429,94560015352.3233,1172.38095238095,10.0315,77386851.1428571,2.09238095238095,14.4142857142857,92.5627272727273,102.012727272727,41.7380952380952,45530943.9204762,3.67285714285714,"0"
"108","Romania","Upper middle income",2819.865,4.91,642.368947368421,109750.415263158,1891.538,243.437,3.26857142857143,71627221181.9433,3089.52380952381,5.069,22213379.5714286,-0.365238095238095,8.88857142857143,95.838125,99.8715,26.1809523809524,11945368.2471429,-0.176190476190476,"0"
"109","Russian Federation","Upper middle income",1752.06111111111,11.4888235294118,1207.94117647059,1674832.57705882,4630.932,464.3035,1.71263157894737,634507791689.124,4107.5,8.8515,145626394.838095,-0.196190476190476,17.3709523809524,93.6157142857143,101.205555555556,21.047619047619,106597488.782381,-0.216666666666667,"0"
"110","Rwanda","Low income",1111.275,0.0889473684210526,127.616315789474,666.043157894737,NA,NA,0.526666666666667,2463227796.29952,298.571428571429,9.93,7937007.57142857,1.90285714285714,NA,38.916,98.295,167.138095238095,1091883.75,7.92047619047619,"0"
"111","Samoa","Lower middle income",NA,0.807368421052632,262.483157894737,140.117368421053,306.238,86.098,2.07714285714286,295965065.467143,1651.42857142857,2.783,174249.19047619,0.635238095238095,NA,97.2158333333333,104.781818181818,23.1761904761905,38442.2176190476,1.10571428571429,"0"
"112","Sao Tome and Principe","Lower middle income",2323.63,0.67,555.7975,93.6042105263158,260.018,188.855,10.503,131109612.311,978.333333333333,NA,140535.952380952,1.78714285714286,NA,70.87,100.2425,86.9238095238095,75654.7057142857,3.60428571428571,"0"
"113","Senegal","Lower middle income",869.66,0.44421052631579,291.865263157895,4174.59052631579,240.268,156.846,1.38190476190476,7138409796.92333,710.952380952381,24.076,9644448.19047619,2.71714285714286,21.2766666666667,45.2870588235294,82.59875,113.433333333333,3947844.99619048,3.20761904761905,"0"
"114","Serbia","Upper middle income",4220.025,6.5675,703.685,48567.5825,2051.333,270.26,5.03642857142857,25333181381.8871,3340,4.614,7529939.28190476,-0.184285714285714,14.907619047619,100.44,101.672727272727,14.6857142857143,3857208.77904762,0.0404761904761905,"0"
"115","Seychelles","Upper middle income",NA,5.41842105263158,315.482105263158,439.653684210526,2334.7,133.042,11.8852380952381,657153096.214762,7796.19047619048,41.974,79618.5238095238,1.05095238095238,NA,109.03,102.414166666667,14.1809523809524,41146.2819047619,1.59761904761905,"0"
"116","Sierra Leone","Low income",1173.365,0.18,311.901578947368,819.092631578947,NA,NA,2.29095238095238,1061942552.94143,218.571428571429,4.96,4539198.9047619,1.90619047619048,NA,NA,64.5033333333333,232.180952380952,1623900.67380952,2.68,"0"
"117","Solomon Islands","Lower middle income",3594.075,0.427368421052632,178.067894736842,170.032631578947,134.738,61.624,5.85857142857143,464323632.812381,981.052631578947,0.082,414615.238095238,2.76619047619048,NA,67.994,89.3578571428571,35.0190476190476,66934.8733333333,4.31476190476191,"0"
"118","Somalia","Low income",536.06,0.042,NA,349.588,NA,NA,0.61,917044253.99,150,0.58,7560961.0952381,1.67095238095238,16.3219047619048,NA,53.45,180,2543175.55142857,2.81952380952381,"0"
"119","South Africa","Upper middle income",2556.52,8.80947368421053,1110.32421052632,373159.132105263,2716.4365,338.7095,1.2052380952381,181229609486.859,3975.2380952381,6.8095,43188847.9471429,1.73714285714286,30.3847619047619,89.3225,100.884,68.6904761904762,24703970.8509524,2.62952380952381,"0"
"120","Sri Lanka","Lower middle income",3280.915,0.446315789473684,150.306315789474,8487.56157894737,396.2875,136.2165,1.24904761904762,20397437787.5276,1008.57142857143,20.3615,18986473.6190476,0.94047619047619,NA,102.471,102.67125,23.2190476190476,3002919.79238095,0.275714285714286,"0"
"121","St. Kitts and Nevis","Upper middle income",NA,3.20210526315789,272.156315789474,146.874736842105,1383.444,110.644,18.4771428571429,338731024.794762,6731.90476190476,3.5635,45239.5566666667,1.03380952380952,NA,102.436,101.818181818182,17.1428571428571,14934.5214285714,0.705714285714286,"0"
"122","St. Lucia","Upper middle income",NA,2,244.168421052632,308.607368421053,675.16,78.636,11.5704761904762,697809432.700476,4148.57142857143,14.26,154762.446666667,1.30857142857143,NA,105.935714285714,102.628125,18.3904761904762,43982.33,1.13666666666667,"0"
"123","St. Vincent and the Grenadines","Upper middle income",3183.335,1.41789473684211,233.995789473684,153.626842105263,556.492,78.4,15.4071428571429,367258984.758095,3228.09523809524,10.88,108316.476190476,0.101428571428571,NA,98.3466666666667,101.732222222222,22.4714285714286,48066.2780952381,1.04571428571429,"0"
"124","Sudan","Lower middle income",561.825,0.207368421052632,147.423157894737,7211.25157894737,394.337,289.0475,3.44571428571429,22578586516.8776,549.52380952381,4.85,34426953.6666667,2.47904761904762,11.1338095238095,43.2125,86.5963636363636,113.719047619048,12689817.802381,5.15666666666667,"0"
"125","Suriname","Upper middle income",3848.195,4.79578947368421,889.626842105263,2209.46368421053,1384.08,230.254,-5.704,1237374309.8475,2462.10526315789,8.264,467045.380952381,1.28666666666667,NA,87.686,108.695454545455,40.2380952380952,337242.431428571,1.83428571428571,"0"
"126","Swaziland","Lower middle income",1388.39,0.79,196.957894736842,831.830526315789,365.238,86.344,3.54095238095238,1907586686.57571,1800,3.02,1039404.42857143,1.67571428571429,NA,61.6811111111111,95.233,102.133333333333,246749.633809524,2.2352380952381,"0"
"127","Syrian Arab Republic","Lower middle income",1516.28,3.63157894736842,947.141578947368,57707.387368421,998.7335,256.0375,1.41238095238095,24321976249.6071,1340,0.417,16250463.7552381,2.5847619047619,32.0019047619048,95.341,91.3585,24.3619047619048,8449176.18857143,3.12238095238095,"0"
"128","Tajikistan","Low income",1614.71666666667,0.477647058823529,382.277058823529,2883.12588235294,456.6975,325.086,3.30894736842105,2243122646.35143,322.631578947368,3.92,6124208.47619048,1.36047619047619,NA,95.6875,88.527,92.4571428571429,1694810.92714286,0.460952380952381,"0"
"129","Tanzania","Low income",1372.745,0.103684210526316,115.947368421053,3565.28894736842,399.918,443.74,2.43571428571429,10826763467.1176,299.047619047619,27.0695,34475344.6190476,2.84380952380952,6.25190476190476,63.4258333333333,96.4426315789474,125.442857142857,7859281.1152381,4.54285714285714,"0"
"130","Thailand","Upper middle income",2628.495,3.24631578947368,562.458947368421,205632.429473684,1176.8655,202.262,3.02809523809524,164493673807.248,2474.7619047619,17.932,63176838.6190476,0.978095238095238,10.092380952381,87.02,100.380833333333,19.0571428571429,19867914.6019048,1.71238095238095,"0"
"131","Timor-Leste","Lower middle income",1732.97,0.174285714285714,253.877142857143,175.492857142857,57.8175,85.6125,8.96857142857143,394355935.337273,1223.33333333333,2.696,907523.809523809,2.09952380952381,NA,79.77,94.825,106.885714285714,223289.238571429,3.63333333333333,"0"
"132","Togo","Low income",1000.91,0.244210526315789,283.888421052632,1145.26157894737,409.182,474.417,1.8852380952381,1849759913.67714,358.571428571429,11.26,4782715.0952381,2.48904761904762,21.8071428571429,53.6853333333333,66.9725,124.161904761905,1780420.58333333,4.3252380952381,"0"
"133","Tonga","Lower middle income",NA,1.32736842105263,350.491052631579,130.854736842105,505.566,127.356,1.57380952380952,219308944.9,2213.80952380952,10.2485,98610.6666666667,0.437619047619048,NA,107.137777777778,101.407,19.8047619047619,23243.1061904762,0.97,"0"
"134","Tunisia","Upper middle income",1347.39,2.02105263157895,382.185789473684,19073.8047368421,744.855,137.841,3.17904761904762,24097079954.8248,2367.61904761905,1.2915,9475100,1.34190476190476,NA,88.4805555555556,95.8964705882353,29.8809523809524,6004338.95333333,2.12571428571429,"0"
"135","Turkey","Upper middle income",2292.54,3.23894736842105,332.488421052632,204481.184736842,1164.73714285714,116.835238095238,1.08333333333333,331582319728.12,4758.57142857143,1.866,63519223.7142857,1.49047619047619,27.0642857142857,91.4727272727273,84.316875,45.4333333333333,41219995.53,2.37095238095238,"0"
"136","Turkmenistan","Lower middle income",2400.7,8.18117647058824,2859.44764705882,36754.3417647059,3595.362,1167.214,6.34,6622357241.04286,1384.44444444444,2.99,4447270.80952381,1.64238095238095,NA,NA,NA,75.0047619047619,2071273.01095238,2.06809523809524,"0"
"137","Tuvalu","Lower middle income",NA,NA,NA,NA,NA,NA,13.8406666666667,16904590.3980952,4538,0.308,9440.90476190476,0.446190476190476,NA,100.731428571429,112.35,43.9190476190476,NA,NA,"0"
"138","Uganda","Low income",1513.51,0.0647368421052632,80.5,1599.58368421053,NA,NA,3.02238095238095,7582028883.21571,292.380952380952,8.581,24753955.3333333,3.19380952380952,4.51714285714286,58.8475,92.7053333333333,142.142857142857,3030978.9752381,4.22190476190476,"0"
"139","Ukraine","Lower middle income",2546.88888888889,7.68882352941177,1665.23294117647,380657.034705882,3196.737,646.329,2.85894736842105,74583462660.3495,1460,3.0965,49192146.6861905,-0.576190476190476,12.7519047619048,98.1266666666667,100.218125,17.352380952381,33117936.1866667,-0.454761904761905,"0"
"140","Uruguay","Upper middle income",3472.17,1.64947368421053,179.505789473684,5380.45368421053,888.6765,95.5155,2.27619047619048,20279991268.2486,5907.61904761905,0.25,3264375.94238095,0.398095238095238,49.0371428571429,95.92,105.497692307692,17.0666666666667,2975182.46809524,0.598571428571429,"0"
"141","Uzbekistan","Lower middle income",2938.69444444444,4.71529411764706,2749.70411764706,115350.23,1995.879,1129.655,1.09631578947368,16695470035.3805,656.842105263158,2.246,24497191.2557143,1.62095238095238,8.81714285714286,95.9392307692308,97.7654545454545,63.452380952381,9228412.85333333,1.21190476190476,"0"
"142","Vanuatu","Lower middle income",535.985,0.415789473684211,186.906842105263,75.8494736842105,149.482,53.402,8.5847619047619,338958824.941429,1667.14285714286,4.125,189402.428571429,2.46285714285714,NA,87.054,96.8633333333333,24.1809523809524,42046.309047619,4.06285714285714,"0"
"143","Venezuela, RB","Upper middle income",3159.85,6.27210526315789,637.43,150132.768947368,2345.521,234.6885,1.92095238095238,133325305145.19,4716.66666666667,52.842,24306428.5714286,1.91190476190476,32.4590476190476,87.1664705882353,103.687142857143,25.1,21831618.9904762,2.45952380952381,"0"
"144","Vietnam","Lower middle income",4064.74,0.743684210526316,436.254736842105,58653.2794736842,507.721,317.527,6.22095238095238,40154912057.7986,467.619047619048,5.59,77114188.7819048,1.40047619047619,10.3242857142857,98.2966666666667,92.6475,35.8857142857143,18955286.0547619,3.09904761904762,"0"
"145","West Bank and Gaza","Lower middle income",1662.5125,0.425,143.044444444444,1461.3,NA,NA,2.64,3522489790.72833,1375,NA,3032166.89619048,3.709,NA,94.0076923076923,102.945714285714,31.7047619047619,2154974.1447619,4.0095,"0"
"146","Yemen, Rep.","Lower middle income",962.285,0.82421052631579,401.697368421053,14688.6494736842,266.7615,129.3555,1.8035,10977813306.536,527.777777777778,0.364,17868814.1428571,3.54428571428571,7.7052380952381,58.3575,58.33,100.709523809524,4820853.77285714,5.65904761904762,"0"
"147","Zambia","Lower middle income",1626.075,0.220526315789474,197.754210526316,2150.01894736842,637.8075,565.2425,5.29333333333333,6045694816.16095,490.952380952381,35.98,10251020.7142857,2.49809523809524,10.5157142857143,76.442,92.851,155.261904761905,3691438.42857143,2.02238095238095,"0"
"148","Zimbabwe","Low income",983.425,1.13315789473684,NA,13444.7663157895,811.534,NA,1.06857142857143,6643651883.61476,541.904761904762,22.028,12059462,1.00952380952381,11.3766666666667,89.4542857142857,94.8245454545455,99.5571428571429,4086749.8952381,2.4547619047619,"0"
"149","Andorra","High income: nonOECD",NA,7.24428571428571,NA,512.070714285714,NA,NA,NA,1674796936.50158,23384.7368421053,5.701,69057.6666666667,2.40333333333333,NA,101.523333333333,102.75625,5.38095238095238,63280.4276190476,2.04809523809524,"1"
"150","Aruba","High income: nonOECD",NA,23.3689473684211,NA,2013.95421052632,NA,NA,4.40416666666667,1454096883.09,15130,0.1005,88997.1904761905,2.6952380952381,NA,96.8318181818182,98.6681818181818,NA,42305.0561904762,2.36095238095238,"1"
"151","Australia","High income: OECD",1770.505,17.4621052631579,618.553157894737,333079.786842105,5517.05476190476,192.5005,2.2745,508208535590.096,24709.5,9.0575,19337500,1.34095238095238,60.1057142857143,NA,98.9876470588235,6.48095238095238,16878212.4933333,1.55238095238095,"1"
"152","Austria","High income: OECD",5769.255,8.05105263157895,267.168421052632,64713.0936842105,3663.93380952381,119.395238095238,3.05857142857143,253326630841.563,30713.8095238095,22.176,8064655.30714286,0.448571428571429,19.7114285714286,100.345,96.042,6.04761904761905,5341719.70809524,0.58047619047619,"1"
"153","Bahamas, The","High income: nonOECD",1969.51,6.41157894736842,269.108947368421,1887.53947368421,2228.612,88.588,4.55333333333333,5164245289.9481,16204.5,9.621,299107.952380952,1.47333333333333,NA,93.9925,102.232857142857,17.5285714285714,245625.921904762,1.76047619047619,"1"
"154","Bahrain","High income: nonOECD",NA,25.7426315789474,1109.69263157895,16553.4178947368,9220.0735,397.022631578947,7.3975,9556533237.1165,12411.0526315789,1.35,702350.142857143,4.62285714285714,NA,97.573125,102.816666666667,12.7142857142857,620978.801904762,4.65952380952381,"1"
"155","Barbados","High income: nonOECD",2635.49,4.27894736842105,253.364210526316,1141.20842105263,1403.272,79.112,1.96952380952381,2495389105.52571,8696,0.09,266964.095238095,0.264285714285714,NA,NA,NA,17.5809523809524,97543.3852380952,1.22333333333333,"1"
"156","Belgium","High income: OECD",8671.26,10.9357894736842,380.496315789474,112213.094736842,5412.09952380952,185.030952380952,16.4657142857143,309105690025.462,29851.4285714286,0.7395,10325141.4285714,0.430952380952381,17.2571428571429,84.922,101.868888888889,6.4,10018070.4942857,0.485238095238095,"1"
"157","Bermuda","High income: nonOECD",NA,7.95473684210526,NA,495.236842105263,NA,NA,1.92,3515412847.6,29106.6666666667,5.4705,62496.7523809524,0.382857142857143,NA,96.0116666666667,106.208571428571,NA,62496.7523809524,0.382857142857143,"1"
"158","Brunei Darussalam","High income: nonOECD",1245,19.1689473684211,387.682631578947,6074.48210526316,7678.14,156.104,1.95777777777778,6677371062.519,19275.5,42.4925,326292.047619048,2.31809523809524,NA,111.011666666667,101.68375,9.40952380952381,232920.85,3.03809523809524,"1"
"159","Canada","High income: OECD",2818.105,16.46,538.813684210526,503280.116315789,7909.39714285714,255.767142857143,2.68333333333333,870820802247.643,26036,7.4825,30865211.8133333,1.04761904761905,41.8957142857143,95.2233333333333,99.4715384615385,6.59523809523809,24393807.9319048,1.29190476190476,"1"
"160","Cayman Islands","High income: nonOECD",NA,9.52157894736842,NA,385.227894736842,NA,NA,121.66,1012444041.02,NA,8.347,41653.1904761905,3.90666666666667,NA,93.3425,97.0622222222222,NA,41653.1904761905,3.90666666666667,"1"
"161","Channel Islands","High income: nonOECD",NA,NA,NA,NA,NA,NA,NA,7744863659.814,51272.5,NA,145762.904761905,0.463809523809524,NA,NA,NA,NA,44905.3428571429,0.450952380952381,"1"
"162","Croatia","High income: nonOECD",4768.62222222222,4.57058823529412,362.431764705882,20521.1794117647,1792.794,141.3425,3.94842105263158,32862433769.9057,7184.21052631579,7.237,4506201.87904762,-0.355238095238095,NA,92.268,101.431875,8.55238095238095,2510688.65761905,-0.00238095238095242,"1"
"163","Curacao","High income: nonOECD",NA,NA,NA,NA,NA,NA,NA,NA,NA,NA,136462.068461538,-0.105,NA,NA,NA,NA,NA,NA,"1"
"164","Cyprus","High income: nonOECD",1812.515,7.07368421052632,437.091578947368,6586.89684210526,2155.3165,132.2025,7.01,12274990148.3385,16135,10.772,941581.714285714,1.83238095238095,NA,97.5721052631579,101.06,6.98571428571429,647028.01,2.10666666666667,"1"
"165","Czech Republic","High income: OECD",4409.51764705882,12.1635294117647,704.005294117647,125148.885882353,4201.56952380952,239.517142857143,5.16666666666667,90326438795.9471,8487.8947368421,15.041,10313631.2857143,0.0738095238095238,11.4395238095238,99.6853333333333,101.1735,7.80952380952381,7644853.21,-0.0371428571428572,"1"
"166","Denmark","High income: OECD",5933.95,10.1705263157895,342.962631578947,53926.3221052632,3636.96571428571,120.959047619048,3.04380952380952,207497946154.19,38233.3333333333,4.919,5332519.33333333,0.367142857142857,20.4304761904762,99.9093333333333,101.815789473684,5.84285714285714,4561377.89190476,0.503333333333333,"1"
"167","Equatorial Guinea","High income: nonOECD",NA,3.59526315789474,238.543684210526,2113.92894736842,2120.1475,82.89,25.3814285714286,4348629991.23143,3922.38095238095,13.21,526736.523809524,3.13857142857143,NA,44.9033333333333,79.864,153.628571428571,203094.257619048,3.91380952380952,"1"
"168","Estonia","High income: OECD",2094.1,12.7564705882353,1175.16058823529,17774.8111764706,3983.95095238095,361.079047619048,7.76526315789474,9586966628.24524,6468.09523809524,19.854,1403882.24428571,-0.75,NA,96.3975,101.53625,13.3333333333333,980298.273333333,-0.854285714285714,"1"
"169","Faeroe Islands","High income: nonOECD",NA,14.1068421052632,NA,651.760526315789,NA,NA,NA,1623181354.0425,NA,NA,46443.7142857143,0.104761904761905,NA,NA,NA,NA,16742.4333333333,1.66190476190476,"1"
"170","Finland","High income: OECD",3307.305,11.2068421052632,435.781052631579,57849.24,6309.90857142857,239.897619047619,2.48285714285714,158803404214.819,30279.5238095238,8.6715,5176723.26285714,0.37047619047619,19.4195238095238,98.8175,105.7415,4.49047619047619,3206349.76,0.584761904761905,"1"
"171","France","High income: OECD",6873.925,6.39263157894737,237.151052631579,388297.278947368,4109.21904761905,150.38,2.22238095238095,1760699567108.45,28694.7619047619,13.0555,61196027.2109524,0.543333333333333,22.1428571428571,102.202,99.9985,5.78095238095238,46436042.8866667,0.78047619047619,"1"
"172","French Polynesia","High income: nonOECD",NA,2.97631578947368,NA,691.711052631579,NA,NA,NA,3613410543.80455,17050,0.336,235339.714285714,1.6552380952381,NA,NA,107.9,NA,124158.341428571,1.25047619047619,"1"
"173","Germany","High income: OECD",6337.325,9.98157894736842,338.384210526316,817294.592105263,4145.4,139.797619047619,1.45,2451990867602.9,30014.2857142857,36.7785,81782724.0952381,0.175238095238095,7.81809523809524,100.071875,98.2527777777778,5.72857142857143,59962819.3966667,0.225714285714286,"1"
"174","Gibraltar","High income: nonOECD",NA,10.6563157894737,NA,298.377894736842,4323.6425,NA,NA,NA,NA,4.446,27947.9523809524,0.423333333333333,NA,NA,NA,NA,NA,NA,"1"
"175","Greece","High income: OECD",3813.34,8.03157894736842,389.734736842105,86969.4668421053,2412.33333333333,114.464761904762,0.8685,182243819575.318,16190,9.0475,10851061.2857143,0.548095238095238,29.2542857142857,101.094,100.5,7.90952380952381,6500601.63809524,0.760476190476191,"1"
"176","Greenland","High income: nonOECD",NA,9.64526315789474,NA,541.558947368421,NA,NA,NA,1286564740.1055,22040.5,40.409,56156,0.105238095238095,NA,NA,NA,NA,45935.5476190476,0.376190476190476,"1"
"177","Guam","High income: nonOECD",2242.31,NA,NA,NA,NA,NA,NA,NA,NA,26.0905,156605.619047619,1.5047619047619,NA,NA,NA,NA,145028.16047619,1.61333333333333,"1"
"178","Hong Kong SAR, China","High income: nonOECD",NA,5.54842105263158,185.230526315789,35894.5263157895,1886.782,61.9,20.1623076923077,161084469093.03,25016.6666666667,41.5925,6509885.71428571,1.03571428571429,100,99.22375,99.327,NA,6505753.83809524,1.12333333333333,"1"
"179","Hungary","High income: OECD",4421.19,5.77,443.712105263158,59017.8552631579,2557.95333333333,191.595714285714,8.42714285714286,73522999693.3895,6633.80952380952,4.9685,10206190.6666667,-0.181428571428571,17.6990476190476,94.5023529411765,100.091052631579,11.4904761904762,6719581.31761905,0.00619047619047619,"1"
"180","Iceland","High income: OECD",NA,7.56210526315789,263.6,2118.75421052632,11154.2561904762,370.002380952381,6.0447619047619,10287889889.35,33569.5238095238,9.627,284104.19047619,1.0852380952381,NA,98.67,100.90625,4.08095238095238,261088.796666667,1.1752380952381,"1"
"181","Ireland","High income: OECD",6964.475,9.97,367.517894736842,38415.1057894737,3288.22714285714,117.717619047619,6.18619047619048,128762816447.181,27141.4285714286,0.919,3900761.52380952,1.16952380952381,25.5457142857143,99.0158333333333,103.083,6.49047619047619,2315547.70333333,1.5747619047619,"1"
"182","Isle of Man","High income: nonOECD",NA,NA,NA,NA,NA,NA,NA,2045882504.17769,28775.4545454545,NA,76436.6666666667,0.854285714285714,NA,NA,NA,NA,39328.9452380952,0.75,"1"
"183","Israel","High income: OECD",2699.25,8.8078947368421,412.184210526316,53577.3789473684,2819.09238095238,128.935238095238,2.69619047619048,119857174762.801,17777.619047619,18.586,6235266.66666667,2.49333333333333,57.2904761904762,101.59875,101.116470588235,7.2952380952381,5691833.09428571,2.56761904761905,"1"
"184","Italy","High income: OECD",4890.07,7.71736842105263,291.395263157895,443602.780526316,2874.91047619048,108.210476190476,0.721904761904762,1454772581982.07,24564.7619047619,8.7405,57746989.8095238,0.31,17.8847619047619,100.728823529412,99.3033333333333,6.02857142857143,38883474.56,0.429047619047619,"1"
"185","Japan","High income: OECD",5906.93,9.42263157894737,329.967368421053,1190281.95157895,3915.31095238095,136.421904761905,0.126190476190476,4384863419637.23,35506.6666666667,15.3695,126404295.571429,0.164761904761905,47.56,101.568333333333,100.536666666667,4.67142857142857,82399379.6385714,0.474761904761905,"1"
"186","Korea, Rep.","High income: OECD",6254.95,8.63473684210526,480.877368421053,401974.223157895,3754.74619047619,198.607619047619,0.611428571428571,603559468061.979,12867.619047619,2.283,46513809.5238095,0.68047619047619,49.502380952381,102.984444444444,98.6995,5.81428571428571,36812921.1904762,1.29047619047619,"1"
"187","Kuwait","High income: nonOECD",3426.29,27.688125,658.47375,51909.2810526316,9316.72588235294,231.808125,0.155,50828932419.7275,25703.0769230769,1.59,2111419.27777778,2.90588235294118,78.9011111111111,89.576,101.413157894737,12.752380952381,2074204.76,2.92647058823529,"1"
"188","Liechtenstein","High income: nonOECD",NA,NA,NA,NA,NA,NA,NA,2836367098.044,78906.5,40.664,32749,1.09809523809524,NA,101.06,102.111666666667,5.82380952380952,5028.70095238095,0.229047619047619,"1"
"189","Luxembourg","High income: OECD",5703.63,22.57,408.971052631579,9701.53105263158,8404.35761904762,147.973333333333,236.582380952381,28538662923.9348,51524.7619047619,16.423,438222.714285714,1.40190476190476,NA,83.0533333333333,102.938,5.23809523809524,362504.267142857,1.47142857142857,"1"
"190","Macao SAR, China","High income: nonOECD",NA,3.34105263157895,124.964736842105,1442.86789473684,NA,NA,5.305,8933693881.673,19319.5,NA,441193.571428571,2.11952380952381,NA,97.9742857142857,98.312,NA,440992.646190476,2.13285714285714,"1"
"191","Malta","High income: nonOECD",3784.125,6.51684210526316,359.717368421053,2522.31684210526,1966.9115,107.18,8.3715,4578687026.2755,11369.5,11.545,389727.797142857,0.693809523809524,NA,102.233888888889,97.02375,8.06666666666667,360228.540952381,0.92047619047619,"1"
"192","Monaco","High income: nonOECD",NA,NA,NA,NA,NA,NA,NA,3573744349.2075,103863.5,23.6325,34131.3333333333,0.718571428571429,NA,132.17,101.095,5.47142857142857,34131.3333333333,0.718571428571429,"1"
"193","Netherlands","High income: OECD",7739.755,10.9115789473684,349.349473684211,172180.704736842,4673.9319047619,146.56380952381,5.12619047619048,503455290173.834,31297.619047619,11.853,15867180.5690476,0.533809523809524,12.5438095238095,98.0375,97.3055,6.16666666666667,12140017.3790476,1.45714285714286,"1"
"194","New Caledonia","High income: nonOECD",3408.43,10.3926315789474,NA,2188.04105263158,NA,NA,0.0854545454545454,3058254345.15091,16308.1818181818,5.5385,212651.566190476,2.07714285714286,NA,NA,NA,NA,132612.97952381,2.54047619047619,"1"
"195","New Zealand","High income: OECD",6329.175,7.86526315789474,356.779473684211,30349.83,4094.45761904762,183.747142857143,3.175,74994308696.416,17627,25.528,3895466.66666667,1.19619047619048,27.8704761904762,NA,102.33,7.8047619047619,3341582.45142857,1.32285714285714,"1"
"196","Northern Mariana Islands","High income: nonOECD",NA,NA,NA,NA,NA,NA,NA,NA,NA,0.957,61294.7142857143,1.85666666666667,NA,NA,NA,NA,55364.9804761905,1.9547619047619,"1"
"197","Norway","High income: OECD",3840.135,8.37,202.234736842105,37562.2389473684,5629.76380952381,135.24380952381,1.83666666666667,222199032568.303,47107.619047619,8.499,4507112.57142857,0.68952380952381,NA,99.295,100.0255,5.12857142857143,3404571.64666667,1.05428571428571,"1"
"198","Oman","High income: nonOECD",2994.995,9.88842105263158,513.803157894737,23071.9915789474,3785.0075,196.322,1.701,22936473267.4955,9063,8.305,2314068.66666667,2.08238095238095,NA,79.2115384615385,94.7953333333333,24.1571428571429,1641675.06619048,2.6,"1"
"199","Poland","High income: OECD",3000.375,8.56263157894737,819.467368421053,328471.330526316,2512.87619047619,229.863333333333,2.95666666666667,225087413754.896,5989.47368421053,20.5255,38339112.1904762,0.0280952380952381,4.35761904761905,96.9917647058823,99.1272222222222,10.7047619047619,23569573.2247619,0.0428571428571429,"1"
"200","Portugal","High income: OECD",2624.25,5.53684210526316,283.837894736842,56739.1047368421,2179.10619047619,110.26619047619,2.28809523809524,148515434859.229,13814.2857142857,5.9195,10271910.5714286,0.326666666666667,38.2452380952381,103.12,101.362941176471,7.75714285714286,5592660.06809524,1.50619047619048,"1"
"201","Puerto Rico","High income: nonOECD",1677.345,NA,NA,NA,NA,NA,NA,45931569322.6667,8180,10.071,3793221.66666667,0.602857142857143,57.9504761904762,NA,102.28,NA,3459993.55619048,2.13619047619048,"1"
"202","Qatar","High income: nonOECD",3603.495,55.2589473684211,804.33,36937.8842105263,17703.9305,276.069,2.938,29537457967.1965,NA,0.5405,762601.952380952,6.38619047619048,NA,87.9006666666667,104.807368421053,13.3285714285714,723900.853809524,6.59190476190476,"1"
"203","San Marino","High income: nonOECD",NA,NA,NA,NA,NA,NA,NA,1219473889.055,37228.75,NA,27711.380952381,1.33,NA,91.62,102.75,6.0047619047619,25763.85,1.5547619047619,"1"
"204","Saudi Arabia","High income: nonOECD",4211.96,14.6231578947368,730.360526315789,300478.418947368,5161.2605,257.741,1.99095238095238,228022585722.123,10011.5,26.5175,21116034.4761905,2.69047619047619,38.2780952380952,91.3375,92.1266666666667,27.7571428571429,16943980.0271429,3.15809523809524,"1"
"205","Singapore","High income: nonOECD",NA,12.8047368421053,377.526315789474,48324.6910526316,4665.19,132.1085,12.8895238095238,106951260216.72,25028.5714285714,5.194,3990728.57142857,2.6152380952381,98.3114285714286,NA,NA,4.27619047619048,3990728.57142857,2.6152380952381,"1"
"206","Sint Maarten (Dutch part)","High income: nonOECD",NA,NA,NA,NA,NA,NA,NA,NA,NA,NA,35217.0661538462,1.6,NA,NA,NA,NA,NA,NA,"1"
"207","Slovak Republic","High income: OECD",4031.30588235294,7.48705882352941,584.187647058824,40234.5394117647,3392.67142857143,257.636666666667,3.05941176470588,42813100416.6443,7454.7619047619,21.638,5371141.04761905,0.120952380952381,NA,97.1805882352941,101.08625,12.1904761904762,3030602.23142857,0.185238095238095,"1"
"208","Slovenia","High income: OECD",5065.85,7.54058823529412,389.005294117647,15042.6811764706,3262.03857142857,167.079523809524,1.60736842105263,27390159158.461,13872.1052631579,9.725,1999720.27571429,0.126666666666667,NA,96.6430769230769,101.169411764706,5.86190476190476,999425.502857143,-0.0923809523809524,"1"
"209","Spain","High income: OECD",2912.595,6.99631578947368,293.012105263158,287937.857368421,2823.49571428571,116.725238095238,2.83571428571429,847891800019.222,19422.8571428571,8.4005,41445486.6666667,0.826190476190476,23.2109523809524,101.06375,103.2965,7.10952380952381,31648324.6719048,0.962857142857143,"1"
"210","St. Martin (French part)","High income: nonOECD",NA,NA,NA,NA,NA,NA,NA,NA,NA,NA,30000.7142857143,0.420952380952381,NA,NA,NA,NA,NA,NA,"1"
"211","Sweden","High income: OECD",4588.745,6.01894736842105,218.779473684211,53386.8873684211,5566.31761904762,198.094285714286,4.9347619047619,308018191539.376,34390.9523809524,9.454,8921963.61904762,0.472380952380952,13.2914285714286,99.553125,106.7345,4.35714285714286,7494900.56714286,0.563333333333333,"1"
"212","Switzerland","High income: OECD",6293.63,5.73157894736842,168.674210526316,41050.1347368421,3522.77571428571,102.649523809524,3.15571428571429,326578877708.145,46102.380952381,20.9145,7232770.40714286,0.777142857142857,14.9442857142857,83.0117647058824,96.6678947368421,5.88571428571429,5308963.87238095,0.909047619047619,"1"
"213","Trinidad and Tobago","High income: nonOECD",3079.285,19.9147368421053,1343.79315789474,25668.4221052632,8710.1565,543.926,7.17142857142857,10882256250.64,7762.38095238095,31.1445,1286747.80952381,0.498571428571429,NA,91.4542857142857,101.743076923077,31.6571428571429,141631.536190476,2.72047619047619,"1"
"214","Turks and Caicos Islands","High income: nonOECD",NA,2.46785714285714,NA,69.6735714285714,NA,NA,NA,NA,NA,39.117,22506.4761904762,5.93952380952381,NA,92.955,98.965,NA,NA,NA,"1"
"215","United Arab Emirates","High income: nonOECD",2990.795,28.0610526315789,592.317894736842,87808.0515789474,11161.823,238.549,2.3785,91254209256.4005,21052,2.6615,3545965.19047619,7.04904761904762,27.8690476190476,92.3310526315789,101.434444444444,13.1047619047619,2766609.18904762,6.97571428571429,"1"
"216","United Kingdom","High income: OECD",6836.415,9.40894736842105,338.294210526316,553822.377368421,3650.93904761905,129.161428571429,3.56619047619048,1672944128836.1,28220.4761904762,23.6615,59213839.7619048,0.40952380952381,26.0214285714286,NA,100.797368421053,6.79047619047619,52929173.91,0.485238095238095,"1"
"217","United States","High income: OECD",5729.065,19.2542105263158,518.892105263158,5347828.31473684,7715.88333333333,205.254761904762,1.33571428571429,9969809523809.52,35269.0476190476,14.8035,280960705.52381,1.07142857142857,43.2033333333333,97.7566666666667,100.036470588235,8.84285714285714,222315103.636667,1.5047619047619,"1"
"218","Virgin Islands (U.S.)","High income: nonOECD",NA,NA,NA,NA,NA,NA,NA,1750700000,NA,15.204,108247.952380952,0.303809523809524,NA,NA,NA,NA,99779.4371428571,0.735714285714286,"1"
